	ecDNA_0
cell_0	32
cell_1	39
cell_2	16
cell_3	25
cell_4	39
cell_5	12
cell_6	62
cell_7	35
cell_8	46
cell_9	63
cell_10	17
cell_11	77
cell_12	24
cell_13	9
cell_14	7
cell_15	5
cell_16	27
cell_17	21
cell_18	5
cell_19	30
cell_20	61
cell_21	3
cell_22	37
cell_23	11
cell_24	11
cell_25	7
cell_26	73
cell_27	80
cell_28	31
cell_29	37
cell_30	0
cell_31	4
cell_32	13
cell_33	18
cell_34	35
cell_35	32
cell_36	28
cell_37	48
cell_38	49
cell_39	29
cell_40	62
cell_41	42
cell_42	41
cell_43	16
cell_44	16
cell_45	29
cell_46	24
cell_47	19
cell_48	1
cell_49	59
cell_50	4
cell_51	36
cell_52	30
cell_53	26
cell_54	47
cell_55	31
cell_56	7
cell_57	36
cell_58	0
cell_59	20
cell_60	31
cell_61	12
cell_62	14
cell_63	38
cell_64	22
cell_65	36
cell_66	19
cell_67	66
cell_68	24
cell_69	0
cell_70	0
cell_71	9
cell_72	12
cell_73	10
cell_74	64
cell_75	61
cell_76	18
cell_77	0
cell_78	9
cell_79	24
cell_80	88
cell_81	84
cell_82	17
cell_83	15
cell_84	13
cell_85	2
cell_86	51
cell_87	37
cell_88	59
cell_89	62
cell_90	31
cell_91	23
cell_92	11
cell_93	68
cell_94	13
cell_95	9
cell_96	3
cell_97	2
cell_98	30
cell_99	85
cell_100	66
cell_101	25
cell_102	38
cell_103	44
cell_104	32
cell_105	11
cell_106	6
cell_107	27
cell_108	0
cell_109	20
cell_110	66
cell_111	15
cell_112	2
cell_113	4
cell_114	61
cell_115	24
cell_116	23
cell_117	8
cell_118	28
cell_119	18
cell_120	10
cell_121	15
cell_122	15
cell_123	1
cell_124	25
cell_125	30
cell_126	12
cell_127	48
cell_128	49
cell_129	20
cell_130	42
cell_131	71
cell_132	12
cell_133	60
cell_134	42
cell_135	58
cell_136	19
cell_137	75
cell_138	28
cell_139	26
cell_140	21
cell_141	19
cell_142	59
cell_143	92
cell_144	51
cell_145	18
cell_146	0
cell_147	0
cell_148	18
cell_149	25
cell_150	41
cell_151	20
cell_152	58
cell_153	29
cell_154	22
cell_155	18
cell_156	67
cell_157	1
cell_158	50
cell_159	29
cell_160	45
cell_161	14
cell_162	20
cell_163	3
cell_164	5
cell_165	0
cell_166	11
cell_167	38
cell_168	18
cell_169	34
cell_170	29
cell_171	2
cell_172	17
cell_173	25
cell_174	58
cell_175	0
cell_176	19
cell_177	38
cell_178	61
cell_179	84
cell_180	15
cell_181	0
cell_182	48
cell_183	43
cell_184	19
cell_185	19
cell_186	0
cell_187	59
cell_188	11
cell_189	7
cell_190	7
cell_191	2
cell_192	4
cell_193	50
cell_194	38
cell_195	36
cell_196	81
cell_197	46
cell_198	20
cell_199	55
cell_200	6
cell_201	55
cell_202	12
cell_203	50
cell_204	6
cell_205	17
cell_206	42
cell_207	42
cell_208	10
cell_209	36
cell_210	15
cell_211	20
cell_212	31
cell_213	3
cell_214	9
cell_215	5
cell_216	35
cell_217	37
cell_218	1
cell_219	7
cell_220	11
cell_221	10
cell_222	5
cell_223	36
cell_224	4
cell_225	20
cell_226	20
cell_227	22
cell_228	6
cell_229	11
cell_230	63
cell_231	12
cell_232	0
cell_233	74
cell_234	5
cell_235	0
cell_236	0
cell_237	34
cell_238	4
cell_239	18
cell_240	14
cell_241	25
cell_242	12
cell_243	14
cell_244	8
cell_245	63
cell_246	8
cell_247	29
cell_248	25
cell_249	4
cell_250	25
cell_251	12
cell_252	18
cell_253	34
cell_254	4
cell_255	0
cell_256	55
cell_257	93
cell_258	38
cell_259	8
cell_260	3
cell_261	31
cell_262	31
cell_263	20
cell_264	34
cell_265	30
cell_266	22
cell_267	2
cell_268	10
cell_269	12
cell_270	19
cell_271	8
cell_272	15
cell_273	15
cell_274	11
cell_275	8
cell_276	31
cell_277	24
cell_278	9
cell_279	6
cell_280	34
cell_281	12
cell_282	26
cell_283	15
cell_284	0
cell_285	41
cell_286	47
cell_287	7
cell_288	19
cell_289	13
cell_290	27
cell_291	18
cell_292	0
cell_293	43
cell_294	68
cell_295	14
cell_296	41
cell_297	19
cell_298	15
cell_299	33
cell_300	31
cell_301	26
cell_302	3
cell_303	39
cell_304	34
cell_305	26
cell_306	28
cell_307	29
cell_308	32
cell_309	13
cell_310	30
cell_311	38
cell_312	10
cell_313	13
cell_314	8
cell_315	47
cell_316	18
cell_317	25
cell_318	26
cell_319	37
cell_320	16
cell_321	31
cell_322	23
cell_323	21
cell_324	7
cell_325	5
cell_326	7
cell_327	21
cell_328	11
cell_329	16
cell_330	2
cell_331	25
cell_332	64
cell_333	1
cell_334	68
cell_335	7
cell_336	24
cell_337	30
cell_338	9
cell_339	7
cell_340	24
cell_341	61
cell_342	12
cell_343	27
cell_344	30
cell_345	34
cell_346	35
cell_347	15
cell_348	4
cell_349	23
cell_350	4
cell_351	59
cell_352	40
cell_353	19
cell_354	32
cell_355	11
cell_356	26
cell_357	17
cell_358	19
cell_359	36
cell_360	44
cell_361	12
cell_362	6
cell_363	14
cell_364	29
cell_365	28
cell_366	17
cell_367	37
cell_368	26
cell_369	18
cell_370	13
cell_371	4
cell_372	57
cell_373	5
cell_374	26
cell_375	12
cell_376	18
cell_377	87
cell_378	36
cell_379	27
cell_380	12
cell_381	14
cell_382	23
cell_383	31
cell_384	12
cell_385	21
cell_386	59
cell_387	0
cell_388	58
cell_389	30
cell_390	4
cell_391	57
cell_392	12
cell_393	28
cell_394	53
cell_395	35
cell_396	2
cell_397	24
cell_398	26
cell_399	0
cell_400	36
cell_401	11
cell_402	18
cell_403	13
cell_404	13
cell_405	50
cell_406	19
cell_407	21
cell_408	74
cell_409	23
cell_410	3
cell_411	3
cell_412	62
cell_413	33
cell_414	4
cell_415	20
cell_416	42
cell_417	33
cell_418	27
cell_419	3
cell_420	31
cell_421	19
cell_422	21
cell_423	46
cell_424	21
cell_425	0
cell_426	17
cell_427	21
cell_428	41
cell_429	37
cell_430	33
cell_431	28
cell_432	30
cell_433	15
cell_434	13
cell_435	66
cell_436	26
cell_437	28
cell_438	51
cell_439	4
cell_440	68
cell_441	18
cell_442	7
cell_443	36
cell_444	44
cell_445	33
cell_446	31
cell_447	18
cell_448	5
cell_449	42
cell_450	41
cell_451	64
cell_452	39
cell_453	0
cell_454	3
cell_455	17
cell_456	0
cell_457	60
cell_458	9
cell_459	66
cell_460	27
cell_461	12
cell_462	55
cell_463	11
cell_464	25
cell_465	36
cell_466	20
cell_467	37
cell_468	2
cell_469	31
cell_470	6
cell_471	62
cell_472	33
cell_473	57
cell_474	12
cell_475	30
cell_476	12
cell_477	40
cell_478	77
cell_479	28
cell_480	32
cell_481	3
cell_482	1
cell_483	18
cell_484	30
cell_485	11
cell_486	9
cell_487	37
cell_488	64
cell_489	37
cell_490	53
cell_491	69
cell_492	20
cell_493	70
cell_494	9
cell_495	18
cell_496	76
cell_497	41
cell_498	65
cell_499	21
cell_500	14
cell_501	5
cell_502	33
cell_503	48
cell_504	28
cell_505	17
cell_506	31
cell_507	19
cell_508	32
cell_509	41
cell_510	36
cell_511	21
cell_512	29
cell_513	17
cell_514	1
cell_515	3
cell_516	68
cell_517	39
cell_518	10
cell_519	66
cell_520	36
cell_521	40
cell_522	11
cell_523	0
cell_524	25
cell_525	0
cell_526	18
cell_527	30
cell_528	40
cell_529	82
cell_530	0
cell_531	0
cell_532	12
cell_533	65
cell_534	30
cell_535	40
cell_536	40
cell_537	49
cell_538	22
cell_539	26
cell_540	32
cell_541	62
cell_542	14
cell_543	68
cell_544	23
cell_545	4
cell_546	38
cell_547	45
cell_548	17
cell_549	41
cell_550	53
cell_551	14
cell_552	25
cell_553	16
cell_554	30
cell_555	11
cell_556	14
cell_557	14
cell_558	77
cell_559	12
cell_560	14
cell_561	38
cell_562	33
cell_563	9
cell_564	14
cell_565	2
cell_566	13
cell_567	37
cell_568	60
cell_569	53
cell_570	39
cell_571	47
cell_572	17
cell_573	8
cell_574	23
cell_575	43
cell_576	7
cell_577	38
cell_578	19
cell_579	3
cell_580	40
cell_581	24
cell_582	11
cell_583	41
cell_584	57
cell_585	17
cell_586	11
cell_587	97
cell_588	20
cell_589	14
cell_590	34
cell_591	39
cell_592	41
cell_593	16
cell_594	3
cell_595	15
cell_596	38
cell_597	8
cell_598	27
cell_599	25
cell_600	9
cell_601	62
cell_602	35
cell_603	16
cell_604	30
cell_605	0
cell_606	2
cell_607	32
cell_608	6
cell_609	3
cell_610	0
cell_611	13
cell_612	65
cell_613	38
cell_614	0
cell_615	29
cell_616	31
cell_617	25
cell_618	67
cell_619	38
cell_620	15
cell_621	1
cell_622	27
cell_623	60
cell_624	25
cell_625	14
cell_626	8
cell_627	39
cell_628	54
cell_629	28
cell_630	18
cell_631	17
cell_632	0
cell_633	2
cell_634	11
cell_635	19
cell_636	16
cell_637	25
cell_638	20
cell_639	16
cell_640	3
cell_641	52
cell_642	18
cell_643	71
cell_644	35
cell_645	22
cell_646	28
cell_647	12
cell_648	31
cell_649	29
cell_650	13
cell_651	25
cell_652	70
cell_653	16
cell_654	0
cell_655	33
cell_656	59
cell_657	41
cell_658	27
cell_659	24
cell_660	77
cell_661	22
cell_662	17
cell_663	0
cell_664	0
cell_665	24
cell_666	13
cell_667	40
cell_668	12
cell_669	51
cell_670	10
cell_671	27
cell_672	11
cell_673	50
cell_674	18
cell_675	63
cell_676	19
cell_677	4
cell_678	73
cell_679	34
cell_680	45
cell_681	25
cell_682	45
cell_683	9
cell_684	26
cell_685	11
cell_686	77
cell_687	73
cell_688	0
cell_689	6
cell_690	15
cell_691	17
cell_692	54
cell_693	31
cell_694	20
cell_695	31
cell_696	49
cell_697	13
cell_698	51
cell_699	7
cell_700	1
cell_701	0
cell_702	55
cell_703	10
cell_704	20
cell_705	50
cell_706	71
cell_707	33
cell_708	0
cell_709	65
cell_710	26
cell_711	11
cell_712	40
cell_713	57
cell_714	26
cell_715	42
cell_716	57
cell_717	1
cell_718	87
cell_719	49
cell_720	29
cell_721	53
cell_722	35
cell_723	25
cell_724	57
cell_725	0
cell_726	4
cell_727	3
cell_728	90
cell_729	39
cell_730	72
cell_731	9
cell_732	22
cell_733	28
cell_734	44
cell_735	15
cell_736	23
cell_737	7
cell_738	28
cell_739	22
cell_740	0
cell_741	1
cell_742	39
cell_743	5
cell_744	24
cell_745	21
cell_746	21
cell_747	12
cell_748	30
cell_749	60
cell_750	11
cell_751	25
cell_752	36
cell_753	24
cell_754	5
cell_755	40
cell_756	29
cell_757	27
cell_758	40
cell_759	58
cell_760	20
cell_761	1
cell_762	5
cell_763	10
cell_764	8
cell_765	28
cell_766	33
cell_767	7
cell_768	14
cell_769	79
cell_770	5
cell_771	38
cell_772	89
cell_773	40
cell_774	17
cell_775	1
cell_776	40
cell_777	28
cell_778	11
cell_779	17
cell_780	75
cell_781	24
cell_782	53
cell_783	24
cell_784	29
cell_785	46
cell_786	87
cell_787	63
cell_788	1
cell_789	13
cell_790	8
cell_791	28
cell_792	7
cell_793	18
cell_794	17
cell_795	16
cell_796	2
cell_797	71
cell_798	45
cell_799	51
cell_800	17
cell_801	36
cell_802	11
cell_803	17
cell_804	40
cell_805	49
cell_806	49
cell_807	51
cell_808	29
cell_809	1
cell_810	56
cell_811	14
cell_812	50
cell_813	50
cell_814	44
cell_815	14
cell_816	31
cell_817	51
cell_818	8
cell_819	50
cell_820	24
cell_821	35
cell_822	19
cell_823	8
cell_824	21
cell_825	8
cell_826	8
cell_827	10
cell_828	98
cell_829	51
cell_830	3
cell_831	12
cell_832	54
cell_833	13
cell_834	14
cell_835	53
cell_836	23
cell_837	48
cell_838	15
cell_839	105
cell_840	2
cell_841	30
cell_842	15
cell_843	18
cell_844	14
cell_845	66
cell_846	20
cell_847	48
cell_848	18
cell_849	29
cell_850	25
cell_851	14
cell_852	52
cell_853	11
cell_854	3
cell_855	43
cell_856	0
cell_857	4
cell_858	45
cell_859	30
cell_860	12
cell_861	64
cell_862	59
cell_863	20
cell_864	16
cell_865	27
cell_866	1
cell_867	8
cell_868	43
cell_869	9
cell_870	8
cell_871	53
cell_872	16
cell_873	0
cell_874	42
cell_875	19
cell_876	40
cell_877	44
cell_878	19
cell_879	92
cell_880	34
cell_881	29
cell_882	43
cell_883	25
cell_884	1
cell_885	29
cell_886	15
cell_887	15
cell_888	0
cell_889	19
cell_890	2
cell_891	3
cell_892	6
cell_893	33
cell_894	12
cell_895	6
cell_896	25
cell_897	24
cell_898	27
cell_899	28
cell_900	17
cell_901	3
cell_902	22
cell_903	33
cell_904	34
cell_905	0
cell_906	17
cell_907	45
cell_908	2
cell_909	8
cell_910	8
cell_911	23
cell_912	42
cell_913	18
cell_914	94
cell_915	19
cell_916	11
cell_917	69
cell_918	17
cell_919	55
cell_920	29
cell_921	16
cell_922	2
cell_923	28
cell_924	0
cell_925	44
cell_926	9
cell_927	18
cell_928	82
cell_929	23
cell_930	41
cell_931	49
cell_932	16
cell_933	50
cell_934	26
cell_935	15
cell_936	0
cell_937	34
cell_938	48
cell_939	25
cell_940	25
cell_941	26
cell_942	10
cell_943	6
cell_944	10
cell_945	9
cell_946	64
cell_947	17
cell_948	46
cell_949	34
cell_950	19
cell_951	17
cell_952	58
cell_953	55
cell_954	60
cell_955	11
cell_956	47
cell_957	5
cell_958	22
cell_959	10
cell_960	63
cell_961	21
cell_962	8
cell_963	5
cell_964	17
cell_965	17
cell_966	10
cell_967	24
cell_968	25
cell_969	25
cell_970	31
cell_971	37
cell_972	13
cell_973	36
cell_974	22
cell_975	65
cell_976	16
cell_977	51
cell_978	13
cell_979	49
cell_980	19
cell_981	26
cell_982	51
cell_983	24
cell_984	55
cell_985	15
cell_986	42
cell_987	26
cell_988	7
cell_989	8
cell_990	37
cell_991	15
cell_992	49
cell_993	38
cell_994	34
cell_995	21
cell_996	12
cell_997	42
cell_998	45
cell_999	38
cell_1000	70
cell_1001	40
cell_1002	38
cell_1003	29
cell_1004	16
cell_1005	16
cell_1006	30
cell_1007	28
cell_1008	28
cell_1009	84
cell_1010	95
cell_1011	41
cell_1012	5
cell_1013	25
cell_1014	116
cell_1015	38
cell_1016	26
cell_1017	23
cell_1018	41
cell_1019	0
cell_1020	30
cell_1021	5
cell_1022	54
cell_1023	11
cell_1024	9
cell_1025	0
cell_1026	31
cell_1027	55
cell_1028	30
cell_1029	17
cell_1030	24
cell_1031	54
cell_1032	1
cell_1033	15
cell_1034	26
cell_1035	13
cell_1036	7
cell_1037	69
cell_1038	38
cell_1039	31
cell_1040	33
cell_1041	39
cell_1042	71
cell_1043	27
cell_1044	6
cell_1045	15
cell_1046	61
cell_1047	27
cell_1048	10
cell_1049	23
cell_1050	48
cell_1051	37
cell_1052	28
cell_1053	16
cell_1054	7
cell_1055	33
cell_1056	3
cell_1057	6
cell_1058	51
cell_1059	16
cell_1060	22
cell_1061	25
cell_1062	2
cell_1063	24
cell_1064	14
cell_1065	20
cell_1066	7
cell_1067	5
cell_1068	30
cell_1069	33
cell_1070	30
cell_1071	25
cell_1072	25
cell_1073	5
cell_1074	2
cell_1075	82
cell_1076	16
cell_1077	10
cell_1078	17
cell_1079	40
cell_1080	23
cell_1081	62
cell_1082	23
cell_1083	17
cell_1084	3
cell_1085	6
cell_1086	55
cell_1087	15
cell_1088	35
cell_1089	0
cell_1090	39
cell_1091	13
cell_1092	23
cell_1093	10
cell_1094	28
cell_1095	49
cell_1096	10
cell_1097	28
cell_1098	8
cell_1099	26
cell_1100	8
cell_1101	7
cell_1102	31
cell_1103	29
cell_1104	14
cell_1105	6
cell_1106	18
cell_1107	40
cell_1108	44
cell_1109	17
cell_1110	20
cell_1111	40
cell_1112	12
cell_1113	41
cell_1114	19
cell_1115	33
cell_1116	0
cell_1117	13
cell_1118	11
cell_1119	32
cell_1120	29
cell_1121	61
cell_1122	16
cell_1123	52
cell_1124	14
cell_1125	19
cell_1126	17
cell_1127	6
cell_1128	17
cell_1129	0
cell_1130	64
cell_1131	17
cell_1132	22
cell_1133	38
cell_1134	10
cell_1135	18
cell_1136	45
cell_1137	36
cell_1138	14
cell_1139	39
cell_1140	19
cell_1141	76
cell_1142	34
cell_1143	21
cell_1144	20
cell_1145	77
cell_1146	73
cell_1147	99
cell_1148	22
cell_1149	18
cell_1150	35
cell_1151	66
cell_1152	35
cell_1153	6
cell_1154	61
cell_1155	39
cell_1156	18
cell_1157	36
cell_1158	28
cell_1159	19
cell_1160	25
cell_1161	5
cell_1162	81
cell_1163	61
cell_1164	47
cell_1165	44
cell_1166	86
cell_1167	26
cell_1168	54
cell_1169	0
cell_1170	5
cell_1171	44
cell_1172	94
cell_1173	7
cell_1174	2
cell_1175	1
cell_1176	21
cell_1177	2
cell_1178	13
cell_1179	12
cell_1180	37
cell_1181	34
cell_1182	23
cell_1183	16
cell_1184	68
cell_1185	22
cell_1186	17
cell_1187	21
cell_1188	70
cell_1189	24
cell_1190	14
cell_1191	3
cell_1192	52
cell_1193	11
cell_1194	21
cell_1195	6
cell_1196	18
cell_1197	30
cell_1198	32
cell_1199	49
cell_1200	66
cell_1201	11
cell_1202	45
cell_1203	0
cell_1204	39
cell_1205	20
cell_1206	27
cell_1207	9
cell_1208	25
cell_1209	36
cell_1210	5
cell_1211	15
cell_1212	2
cell_1213	15
cell_1214	16
cell_1215	65
cell_1216	7
cell_1217	16
cell_1218	33
cell_1219	11
cell_1220	27
cell_1221	10
cell_1222	2
cell_1223	3
cell_1224	53
cell_1225	18
cell_1226	19
cell_1227	19
cell_1228	11
cell_1229	0
cell_1230	15
cell_1231	19
cell_1232	10
cell_1233	36
cell_1234	33
cell_1235	8
cell_1236	21
cell_1237	56
cell_1238	28
cell_1239	129
cell_1240	76
cell_1241	83
cell_1242	46
cell_1243	28
cell_1244	53
cell_1245	16
cell_1246	21
cell_1247	31
cell_1248	29
cell_1249	40
cell_1250	16
cell_1251	64
cell_1252	61
cell_1253	10
cell_1254	25
cell_1255	38
cell_1256	2
cell_1257	19
cell_1258	22
cell_1259	49
cell_1260	33
cell_1261	52
cell_1262	22
cell_1263	34
cell_1264	38
cell_1265	97
cell_1266	5
cell_1267	32
cell_1268	45
cell_1269	48
cell_1270	51
cell_1271	9
cell_1272	33
cell_1273	19
cell_1274	28
cell_1275	13
cell_1276	21
cell_1277	39
cell_1278	13
cell_1279	26
cell_1280	48
cell_1281	1
cell_1282	45
cell_1283	64
cell_1284	11
cell_1285	6
cell_1286	57
cell_1287	19
cell_1288	14
cell_1289	6
cell_1290	4
cell_1291	12
cell_1292	18
cell_1293	16
cell_1294	8
cell_1295	6
cell_1296	32
cell_1297	11
cell_1298	6
cell_1299	0
cell_1300	26
cell_1301	3
cell_1302	19
cell_1303	28
cell_1304	16
cell_1305	21
cell_1306	7
cell_1307	47
cell_1308	6
cell_1309	57
cell_1310	83
cell_1311	18
cell_1312	29
cell_1313	29
cell_1314	22
cell_1315	21
cell_1316	22
cell_1317	64
cell_1318	8
cell_1319	1
cell_1320	25
cell_1321	0
cell_1322	78
cell_1323	28
cell_1324	38
cell_1325	28
cell_1326	60
cell_1327	23
cell_1328	51
cell_1329	30
cell_1330	15
cell_1331	5
cell_1332	14
cell_1333	65
cell_1334	40
cell_1335	7
cell_1336	16
cell_1337	42
cell_1338	18
cell_1339	24
cell_1340	22
cell_1341	57
cell_1342	10
cell_1343	34
cell_1344	18
cell_1345	30
cell_1346	4
cell_1347	11
cell_1348	33
cell_1349	20
cell_1350	27
cell_1351	106
cell_1352	4
cell_1353	42
cell_1354	5
cell_1355	34
cell_1356	16
cell_1357	22
cell_1358	12
cell_1359	49
cell_1360	44
cell_1361	37
cell_1362	46
cell_1363	25
cell_1364	15
cell_1365	12
cell_1366	34
cell_1367	16
cell_1368	16
cell_1369	37
cell_1370	57
cell_1371	44
cell_1372	19
cell_1373	75
cell_1374	24
cell_1375	27
cell_1376	28
cell_1377	21
cell_1378	6
cell_1379	12
cell_1380	48
cell_1381	23
cell_1382	17
cell_1383	22
cell_1384	1
cell_1385	9
cell_1386	35
cell_1387	27
cell_1388	17
cell_1389	29
cell_1390	17
cell_1391	21
cell_1392	83
cell_1393	23
cell_1394	21
cell_1395	13
cell_1396	51
cell_1397	13
cell_1398	46
cell_1399	47
cell_1400	35
cell_1401	45
cell_1402	14
cell_1403	29
cell_1404	8
cell_1405	17
cell_1406	47
cell_1407	19
cell_1408	37
cell_1409	29
cell_1410	32
cell_1411	17
cell_1412	7
cell_1413	3
cell_1414	0
cell_1415	7
cell_1416	32
cell_1417	14
cell_1418	43
cell_1419	59
cell_1420	27
cell_1421	11
cell_1422	24
cell_1423	75
cell_1424	32
cell_1425	26
cell_1426	50
cell_1427	10
cell_1428	24
cell_1429	16
cell_1430	6
cell_1431	8
cell_1432	10
cell_1433	16
cell_1434	19
cell_1435	74
cell_1436	8
cell_1437	37
cell_1438	5
cell_1439	31
cell_1440	8
cell_1441	36
cell_1442	29
cell_1443	46
cell_1444	10
cell_1445	26
cell_1446	15
cell_1447	86
cell_1448	33
cell_1449	18
cell_1450	38
cell_1451	4
cell_1452	45
cell_1453	14
cell_1454	38
cell_1455	0
cell_1456	44
cell_1457	0
cell_1458	0
cell_1459	8
cell_1460	45
cell_1461	5
cell_1462	22
cell_1463	3
cell_1464	6
cell_1465	117
cell_1466	7
cell_1467	42
cell_1468	68
cell_1469	28
cell_1470	29
cell_1471	13
cell_1472	2
cell_1473	31
cell_1474	37
cell_1475	31
cell_1476	39
cell_1477	26
cell_1478	11
cell_1479	94
cell_1480	42
cell_1481	13
cell_1482	42
cell_1483	61
cell_1484	33
cell_1485	17
cell_1486	35
cell_1487	45
cell_1488	11
cell_1489	6
cell_1490	23
cell_1491	29
cell_1492	31
cell_1493	42
cell_1494	22
cell_1495	37
cell_1496	7
cell_1497	33
cell_1498	14
cell_1499	19
cell_1500	5
cell_1501	79
cell_1502	61
cell_1503	20
cell_1504	1
cell_1505	0
cell_1506	48
cell_1507	9
cell_1508	16
cell_1509	30
cell_1510	37
cell_1511	27
cell_1512	26
cell_1513	20
cell_1514	30
cell_1515	62
cell_1516	23
cell_1517	5
cell_1518	44
cell_1519	38
cell_1520	4
cell_1521	40
cell_1522	70
cell_1523	91
cell_1524	10
cell_1525	86
cell_1526	88
cell_1527	2
cell_1528	31
cell_1529	6
cell_1530	18
cell_1531	48
cell_1532	60
cell_1533	12
cell_1534	28
cell_1535	50
cell_1536	50
cell_1537	86
cell_1538	70
cell_1539	33
cell_1540	53
cell_1541	0
cell_1542	54
cell_1543	9
cell_1544	23
cell_1545	11
cell_1546	9
cell_1547	8
cell_1548	2
cell_1549	29
cell_1550	21
cell_1551	48
cell_1552	65
cell_1553	5
cell_1554	12
cell_1555	7
cell_1556	7
cell_1557	21
cell_1558	29
cell_1559	60
cell_1560	38
cell_1561	11
cell_1562	26
cell_1563	16
cell_1564	10
cell_1565	0
cell_1566	1
cell_1567	32
cell_1568	14
cell_1569	12
cell_1570	29
cell_1571	60
cell_1572	28
cell_1573	0
cell_1574	10
cell_1575	15
cell_1576	9
cell_1577	29
cell_1578	35
cell_1579	19
cell_1580	55
cell_1581	11
cell_1582	14
cell_1583	39
cell_1584	53
cell_1585	22
cell_1586	29
cell_1587	27
cell_1588	28
cell_1589	21
cell_1590	8
cell_1591	40
cell_1592	73
cell_1593	15
cell_1594	12
cell_1595	33
cell_1596	31
cell_1597	6
cell_1598	4
cell_1599	5
cell_1600	4
cell_1601	19
cell_1602	15
cell_1603	48
cell_1604	32
cell_1605	0
cell_1606	31
cell_1607	0
cell_1608	53
cell_1609	19
cell_1610	23
cell_1611	42
cell_1612	16
cell_1613	20
cell_1614	37
cell_1615	13
cell_1616	14
cell_1617	30
cell_1618	24
cell_1619	6
cell_1620	32
cell_1621	3
cell_1622	30
cell_1623	24
cell_1624	13
cell_1625	59
cell_1626	1
cell_1627	33
cell_1628	57
cell_1629	52
cell_1630	42
cell_1631	45
cell_1632	59
cell_1633	34
cell_1634	1
cell_1635	7
cell_1636	42
cell_1637	53
cell_1638	35
cell_1639	0
cell_1640	4
cell_1641	17
cell_1642	4
cell_1643	49
cell_1644	55
cell_1645	11
cell_1646	32
cell_1647	19
cell_1648	33
cell_1649	55
cell_1650	10
cell_1651	62
cell_1652	31
cell_1653	6
cell_1654	7
cell_1655	40
cell_1656	10
cell_1657	3
cell_1658	0
cell_1659	44
cell_1660	46
cell_1661	25
cell_1662	5
cell_1663	32
cell_1664	21
cell_1665	38
cell_1666	31
cell_1667	13
cell_1668	11
cell_1669	8
cell_1670	17
cell_1671	40
cell_1672	31
cell_1673	129
cell_1674	43
cell_1675	35
cell_1676	5
cell_1677	13
cell_1678	32
cell_1679	1
cell_1680	13
cell_1681	47
cell_1682	92
cell_1683	21
cell_1684	76
cell_1685	13
cell_1686	23
cell_1687	14
cell_1688	28
cell_1689	38
cell_1690	14
cell_1691	47
cell_1692	29
cell_1693	35
cell_1694	49
cell_1695	27
cell_1696	9
cell_1697	22
cell_1698	2
cell_1699	13
cell_1700	5
cell_1701	19
cell_1702	21
cell_1703	12
cell_1704	39
cell_1705	30
cell_1706	0
cell_1707	8
cell_1708	22
cell_1709	34
cell_1710	23
cell_1711	60
cell_1712	31
cell_1713	24
cell_1714	30
cell_1715	27
cell_1716	13
cell_1717	32
cell_1718	25
cell_1719	51
cell_1720	10
cell_1721	49
cell_1722	25
cell_1723	16
cell_1724	19
cell_1725	42
cell_1726	23
cell_1727	0
cell_1728	22
cell_1729	3
cell_1730	12
cell_1731	57
cell_1732	41
cell_1733	36
cell_1734	27
cell_1735	15
cell_1736	30
cell_1737	22
cell_1738	77
cell_1739	8
cell_1740	56
cell_1741	22
cell_1742	63
cell_1743	11
cell_1744	27
cell_1745	18
cell_1746	35
cell_1747	50
cell_1748	14
cell_1749	97
cell_1750	34
cell_1751	6
cell_1752	71
cell_1753	48
cell_1754	19
cell_1755	40
cell_1756	14
cell_1757	0
cell_1758	31
cell_1759	61
cell_1760	18
cell_1761	4
cell_1762	63
cell_1763	27
cell_1764	29
cell_1765	12
cell_1766	53
cell_1767	35
cell_1768	14
cell_1769	30
cell_1770	6
cell_1771	14
cell_1772	2
cell_1773	28
cell_1774	45
cell_1775	28
cell_1776	31
cell_1777	18
cell_1778	25
cell_1779	10
cell_1780	6
cell_1781	33
cell_1782	62
cell_1783	43
cell_1784	23
cell_1785	7
cell_1786	27
cell_1787	4
cell_1788	16
cell_1789	33
cell_1790	33
cell_1791	74
cell_1792	62
cell_1793	23
cell_1794	15
cell_1795	54
cell_1796	7
cell_1797	7
cell_1798	28
cell_1799	18
cell_1800	39
cell_1801	54
cell_1802	7
cell_1803	10
cell_1804	4
cell_1805	42
cell_1806	29
cell_1807	49
cell_1808	46
cell_1809	9
cell_1810	9
cell_1811	48
cell_1812	41
cell_1813	42
cell_1814	70
cell_1815	42
cell_1816	20
cell_1817	18
cell_1818	0
cell_1819	21
cell_1820	20
cell_1821	23
cell_1822	10
cell_1823	49
cell_1824	25
cell_1825	5
cell_1826	1
cell_1827	71
cell_1828	0
cell_1829	30
cell_1830	18
cell_1831	7
cell_1832	21
cell_1833	18
cell_1834	14
cell_1835	49
cell_1836	19
cell_1837	31
cell_1838	50
cell_1839	39
cell_1840	12
cell_1841	21
cell_1842	14
cell_1843	6
cell_1844	38
cell_1845	25
cell_1846	21
cell_1847	53
cell_1848	42
cell_1849	48
cell_1850	40
cell_1851	22
cell_1852	94
cell_1853	5
cell_1854	71
cell_1855	22
cell_1856	58
cell_1857	20
cell_1858	37
cell_1859	17
cell_1860	6
cell_1861	13
cell_1862	31
cell_1863	11
cell_1864	7
cell_1865	38
cell_1866	62
cell_1867	54
cell_1868	30
cell_1869	12
cell_1870	17
cell_1871	105
cell_1872	50
cell_1873	7
cell_1874	50
cell_1875	6
cell_1876	19
cell_1877	12
cell_1878	14
cell_1879	40
cell_1880	19
cell_1881	21
cell_1882	45
cell_1883	14
cell_1884	45
cell_1885	64
cell_1886	13
cell_1887	36
cell_1888	75
cell_1889	54
cell_1890	37
cell_1891	36
cell_1892	23
cell_1893	38
cell_1894	56
cell_1895	6
cell_1896	17
cell_1897	19
cell_1898	15
cell_1899	31
cell_1900	0
cell_1901	23
cell_1902	0
cell_1903	19
cell_1904	2
cell_1905	9
cell_1906	43
cell_1907	58
cell_1908	22
cell_1909	31
cell_1910	40
cell_1911	27
cell_1912	57
cell_1913	51
cell_1914	5
cell_1915	25
cell_1916	81
cell_1917	19
cell_1918	46
cell_1919	7
cell_1920	18
cell_1921	28
cell_1922	75
cell_1923	8
cell_1924	17
cell_1925	37
cell_1926	26
cell_1927	12
cell_1928	20
cell_1929	23
cell_1930	26
cell_1931	11
cell_1932	64
cell_1933	23
cell_1934	27
cell_1935	35
cell_1936	64
cell_1937	21
cell_1938	121
cell_1939	14
cell_1940	5
cell_1941	13
cell_1942	48
cell_1943	29
cell_1944	1
cell_1945	53
cell_1946	16
cell_1947	29
cell_1948	55
cell_1949	16
cell_1950	20
cell_1951	40
cell_1952	18
cell_1953	0
cell_1954	0
cell_1955	14
cell_1956	0
cell_1957	6
cell_1958	68
cell_1959	15
cell_1960	45
cell_1961	7
cell_1962	7
cell_1963	0
cell_1964	5
cell_1965	40
cell_1966	38
cell_1967	21
cell_1968	12
cell_1969	18
cell_1970	64
cell_1971	28
cell_1972	38
cell_1973	36
cell_1974	29
cell_1975	51
cell_1976	14
cell_1977	6
cell_1978	13
cell_1979	86
cell_1980	5
cell_1981	91
cell_1982	32
cell_1983	9
cell_1984	2
cell_1985	9
cell_1986	24
cell_1987	0
cell_1988	23
cell_1989	12
cell_1990	47
cell_1991	22
cell_1992	21
cell_1993	38
cell_1994	38
cell_1995	9
cell_1996	12
cell_1997	27
cell_1998	57
cell_1999	3
cell_2000	8
cell_2001	44
cell_2002	68
cell_2003	0
cell_2004	71
cell_2005	32
cell_2006	18
cell_2007	76
cell_2008	26
cell_2009	38
cell_2010	9
cell_2011	4
cell_2012	40
cell_2013	18
cell_2014	29
cell_2015	21
cell_2016	35
cell_2017	27
cell_2018	37
cell_2019	0
cell_2020	69
cell_2021	13
cell_2022	29
cell_2023	44
cell_2024	22
cell_2025	29
cell_2026	1
cell_2027	14
cell_2028	48
cell_2029	24
cell_2030	104
cell_2031	60
cell_2032	8
cell_2033	0
cell_2034	7
cell_2035	6
cell_2036	7
cell_2037	21
cell_2038	27
cell_2039	41
cell_2040	3
cell_2041	9
cell_2042	19
cell_2043	28
cell_2044	41
cell_2045	22
cell_2046	30
cell_2047	44
cell_2048	26
cell_2049	9
cell_2050	66
cell_2051	34
cell_2052	33
cell_2053	0
cell_2054	0
cell_2055	32
cell_2056	102
cell_2057	69
cell_2058	22
cell_2059	4
cell_2060	24
cell_2061	65
cell_2062	20
cell_2063	33
cell_2064	74
cell_2065	29
cell_2066	14
cell_2067	10
cell_2068	24
cell_2069	76
cell_2070	11
cell_2071	35
cell_2072	2
cell_2073	56
cell_2074	6
cell_2075	25
cell_2076	15
cell_2077	8
cell_2078	21
cell_2079	17
cell_2080	56
cell_2081	60
cell_2082	14
cell_2083	22
cell_2084	18
cell_2085	35
cell_2086	18
cell_2087	7
cell_2088	78
cell_2089	26
cell_2090	20
cell_2091	24
cell_2092	10
cell_2093	24
cell_2094	36
cell_2095	56
cell_2096	16
cell_2097	30
cell_2098	19
cell_2099	7
cell_2100	47
cell_2101	89
cell_2102	26
cell_2103	14
cell_2104	57
cell_2105	109
cell_2106	45
cell_2107	44
cell_2108	11
cell_2109	37
cell_2110	8
cell_2111	30
cell_2112	13
cell_2113	14
cell_2114	21
cell_2115	11
cell_2116	40
cell_2117	30
cell_2118	63
cell_2119	10
cell_2120	21
cell_2121	26
cell_2122	10
cell_2123	16
cell_2124	5
cell_2125	44
cell_2126	15
cell_2127	26
cell_2128	40
cell_2129	24
cell_2130	31
cell_2131	38
cell_2132	23
cell_2133	28
cell_2134	17
cell_2135	18
cell_2136	42
cell_2137	7
cell_2138	5
cell_2139	16
cell_2140	5
cell_2141	25
cell_2142	23
cell_2143	10
cell_2144	7
cell_2145	3
cell_2146	13
cell_2147	6
cell_2148	3
cell_2149	31
cell_2150	22
cell_2151	9
cell_2152	9
cell_2153	13
cell_2154	29
cell_2155	23
cell_2156	65
cell_2157	71
cell_2158	20
cell_2159	54
cell_2160	21
cell_2161	13
cell_2162	40
cell_2163	4
cell_2164	24
cell_2165	50
cell_2166	12
cell_2167	0
cell_2168	36
cell_2169	6
cell_2170	62
cell_2171	19
cell_2172	11
cell_2173	8
cell_2174	11
cell_2175	58
cell_2176	23
cell_2177	2
cell_2178	23
cell_2179	62
cell_2180	51
cell_2181	38
cell_2182	24
cell_2183	105
cell_2184	13
cell_2185	54
cell_2186	10
cell_2187	11
cell_2188	6
cell_2189	4
cell_2190	25
cell_2191	25
cell_2192	39
cell_2193	31
cell_2194	0
cell_2195	23
cell_2196	35
cell_2197	27
cell_2198	10
cell_2199	28
cell_2200	80
cell_2201	31
cell_2202	60
cell_2203	78
cell_2204	19
cell_2205	19
cell_2206	7
cell_2207	16
cell_2208	16
cell_2209	27
cell_2210	19
cell_2211	53
cell_2212	8
cell_2213	14
cell_2214	7
cell_2215	56
cell_2216	13
cell_2217	6
cell_2218	27
cell_2219	32
cell_2220	54
cell_2221	52
cell_2222	66
cell_2223	21
cell_2224	4
cell_2225	22
cell_2226	9
cell_2227	43
cell_2228	7
cell_2229	14
cell_2230	20
cell_2231	30
cell_2232	35
cell_2233	52
cell_2234	35
cell_2235	26
cell_2236	46
cell_2237	96
cell_2238	24
cell_2239	77
cell_2240	5
cell_2241	30
cell_2242	14
cell_2243	0
cell_2244	26
cell_2245	42
cell_2246	16
cell_2247	57
cell_2248	13
cell_2249	42
cell_2250	48
cell_2251	35
cell_2252	29
cell_2253	14
cell_2254	6
cell_2255	62
cell_2256	49
cell_2257	5
cell_2258	1
cell_2259	20
cell_2260	40
cell_2261	49
